"Date","Price","Open","High","Low","Change %"
"Sep 27, 2021","2.070","2.029","2.086","2.026","2.07%"
"Sep 24, 2021","2.028","1.994","2.029","1.993","1.50%"
"Sep 23, 2021","1.998","1.995","2.008","1.987","-0.10%"
"Sep 22, 2021","2.000","2.024","2.054","1.998","-1.57%"
"Sep 21, 2021","2.032","2.025","2.038","2.001","0.30%"
"Sep 20, 2021","2.026","2.050","2.052","2.023","-1.46%"
"Sep 17, 2021","2.056","2.027","2.062","2.016","1.23%"
"Sep 16, 2021","2.031","1.969","2.034","1.967","3.20%"
"Sep 15, 2021","1.968","1.967","2.006","1.967","-0.10%"
"Sep 14, 2021","1.970","1.958","2.003","1.955","0.97%"
"Sep 13, 2021","1.951","1.944","1.960","1.942","0.41%"
"Sep 10, 2021","1.943","1.890","1.944","1.889","2.86%"
"Sep 09, 2021","1.889","1.876","1.890","1.876","0.80%"
"Sep 08, 2021","1.874","1.855","1.923","1.842","0.97%"
"Sep 07, 2021","1.856","1.835","1.857","1.834","1.25%"
"Sep 06, 2021","1.833","1.838","1.838","1.823","-0.11%"
"Sep 03, 2021","1.835","1.816","1.835","1.814","0.71%"
"Sep 02, 2021","1.822","1.830","1.832","1.819","-0.49%"
"Sep 01, 2021","1.831","1.842","1.845","1.830","-0.70%"
"Aug 31, 2021","1.844","1.833","1.844","1.832","0.66%"
"Aug 30, 2021","1.832","1.829","1.836","1.828","0.11%"
"Aug 27, 2021","1.830","1.833","1.836","1.822","-0.11%"
"Aug 26, 2021","1.832","1.830","1.834","1.827","0.00%"
"Aug 25, 2021","1.832","1.826","1.834","1.815","0.38%"
"Aug 24, 2021","1.825","1.833","1.833","1.821","-0.82%"
"Aug 23, 2021","1.840","1.828","1.841","1.807","0.77%"
"Aug 20, 2021","1.826","1.847","1.847","1.815","-1.40%"
"Aug 19, 2021","1.852","1.849","1.852","1.829","0.16%"
"Aug 18, 2021","1.849","1.843","1.857","1.826","0.11%"
"Aug 17, 2021","1.847","1.850","1.850","1.835","-0.86%"
"Aug 16, 2021","1.863","1.878","1.882","1.860","-0.96%"
"Aug 13, 2021","1.881","1.878","1.883","1.868","0.32%"
"Aug 12, 2021","1.875","1.841","1.878","1.832","2.29%"
"Aug 11, 2021","1.833","1.741","1.843","1.740","5.34%"
"Aug 10, 2021","1.740","1.713","1.762","1.712","0.69%"
"Aug 09, 2021","1.728","1.716","1.729","1.715","0.76%"
"Aug 06, 2021","1.715","1.730","1.730","1.709","-0.81%"
"Aug 05, 2021","1.729","1.677","1.729","1.675","-0.06%"
"Aug 04, 2021","1.730","1.676","1.731","1.662","0.52%"
"Aug 03, 2021","1.721","1.676","1.741","1.675","0.00%"
"Aug 02, 2021","1.721","1.700","1.770","1.685","0.94%"
"Jul 30, 2021","1.705","1.712","1.770","1.705","-1.73%"
"Jul 29, 2021","1.735","1.721","1.770","1.721","0.35%"
"Jul 28, 2021","1.729","1.699","1.770","1.697","1.83%"
"Jul 27, 2021","1.698","1.710","1.710","1.688","-0.64%"
"Jul 26, 2021","1.709","1.711","1.712","1.707","-0.75%"
"Jul 23, 2021","1.722","1.691","1.746","1.685","-0.69%"
"Jul 22, 2021","1.734","1.767","1.767","1.733","-1.76%"
"Jul 21, 2021","1.765","1.767","1.771","1.764","0.06%"
"Jul 20, 2021","1.764","1.798","1.801","1.763","-2.86%"
"Jul 19, 2021","1.816","1.817","1.834","1.796","-0.22%"
"Jul 16, 2021","1.820","1.787","1.821","1.786","0.28%"
"Jul 15, 2021","1.815","1.788","1.862","1.786","-0.06%"
"Jul 14, 2021","1.816","1.793","1.819","1.793","1.23%"
"Jul 13, 2021","1.794","1.797","1.801","1.792","0.17%"
"Jul 12, 2021","1.791","1.788","1.791","1.779","1.42%"
"Jul 09, 2021","1.766","1.745","1.796","1.742","-1.12%"
"Jul 08, 2021","1.786","1.804","1.804","1.773","-1.92%"
"Jul 07, 2021","1.821","1.797","1.823","1.784","0.75%"
"Jul 06, 2021","1.808","1.799","1.808","1.799","0.00%"
"Jul 05, 2021","1.808","1.799","1.808","1.799","-1.98%"
"Jul 02, 2021","1.844","1.826","1.845","1.808","0.82%"
"Jul 01, 2021","1.829","1.831","1.841","1.829","-0.11%"
"Jun 30, 2021","1.831","1.820","1.832","1.812","0.16%"
"Jun 29, 2021","1.828","1.807","1.829","1.771","3.10%"
"Jun 28, 2021","1.773","1.827","1.827","1.773","-2.90%"
"Jun 25, 2021","1.826","1.823","1.826","1.772","3.05%"
"Jun 24, 2021","1.772","1.810","1.817","1.771","-2.42%"
"Jun 23, 2021","1.816","1.747","1.816","1.731","4.61%"
"Jun 22, 2021","1.736","1.741","1.779","1.736","0.75%"
"Jun 21, 2021","1.723","1.765","1.771","1.723","-1.82%"
"Jun 18, 2021","1.755","1.788","1.788","1.723","-1.57%"
"Jun 17, 2021","1.783","1.740","1.789","1.735","2.65%"
"Jun 16, 2021","1.737","1.739","1.739","1.723","-0.06%"
"Jun 15, 2021","1.738","1.732","1.738","1.698","2.96%"
"Jun 14, 2021","1.688","1.730","1.730","1.674","-1.97%"
"Jun 11, 2021","1.722","1.724","1.727","1.718","-1.32%"
"Jun 10, 2021","1.745","1.762","1.762","1.705","-0.29%"
"Jun 09, 2021","1.750","1.736","1.751","1.724","0.75%"
"Jun 08, 2021","1.737","1.736","1.738","1.735","0.06%"
"Jun 07, 2021","1.736","1.748","1.769","1.736","0.12%"
"Jun 04, 2021","1.734","1.767","1.767","1.734","-0.86%"
"Jun 03, 2021","1.749","1.748","1.754","1.742","-0.40%"
"Jun 02, 2021","1.756","1.763","1.766","1.756","-0.85%"
"Jun 01, 2021","1.771","1.741","1.772","1.739","0.23%"
"May 31, 2021","1.767","1.735","1.768","1.719","1.03%"
"May 28, 2021","1.749","1.743","1.753","1.700","1.69%"
"May 27, 2021","1.720","1.726","1.751","1.720","-0.29%"
"May 26, 2021","1.725","1.747","1.747","1.723","-3.36%"
"May 25, 2021","1.785","1.788","1.790","1.758","-1.27%"
"May 24, 2021","1.808","1.801","1.838","1.801","0.50%"
"May 21, 2021","1.799","1.813","1.840","1.799","-0.99%"
"May 20, 2021","1.817","1.814","1.840","1.813","0.11%"
"May 19, 2021","1.815","1.809","1.839","1.796","0.61%"
"May 18, 2021","1.804","1.808","1.839","1.803","-0.11%"
"May 17, 2021","1.806","1.800","1.819","1.793","0.67%"
"May 14, 2021","1.794","1.799","1.801","1.786","0.45%"
"May 13, 2021","1.786","1.802","1.802","1.747","-0.89%"
"May 12, 2021","1.802","1.812","1.813","1.788","-0.55%"
"May 11, 2021","1.812","1.799","1.823","1.798","0.50%"
"May 10, 2021","1.803","1.762","1.808","1.761","0.90%"
"May 07, 2021","1.787","1.772","1.797","1.761","0.28%"
"May 06, 2021","1.782","1.770","1.782","1.764","0.22%"
"May 05, 2021","1.778","1.765","1.780","1.761","0.97%"
"May 04, 2021","1.761","1.723","1.767","1.722","1.56%"
"May 03, 2021","1.734","1.752","1.752","1.733","-0.34%"
"Apr 30, 2021","1.740","1.751","1.751","1.739","-0.23%"
"Apr 29, 2021","1.744","1.747","1.759","1.735","-0.06%"
"Apr 28, 2021","1.745","1.782","1.805","1.740","-2.57%"
"Apr 27, 2021","1.791","1.796","1.804","1.780","-0.50%"
"Apr 26, 2021","1.800","1.794","1.807","1.793","0.28%"
"Apr 23, 2021","1.795","1.789","1.808","1.770","0.56%"
"Apr 22, 2021","1.785","1.773","1.858","1.773","-0.83%"
"Apr 21, 2021","1.800","1.808","1.908","1.785","-0.99%"
"Apr 20, 2021","1.818","1.832","1.914","1.816","-0.60%"
"Apr 19, 2021","1.829","1.831","1.926","1.820","-0.38%"
"Apr 16, 2021","1.836","1.855","1.939","1.829","-1.40%"
"Apr 15, 2021","1.862","1.881","1.926","1.831","-1.01%"
"Apr 14, 2021","1.881","1.888","1.938","1.872","-0.90%"
"Apr 13, 2021","1.898","1.880","1.950","1.879","0.85%"
"Apr 12, 2021","1.882","1.886","1.950","1.881","-0.26%"
"Apr 09, 2021","1.887","1.904","1.949","1.885","-4.12%"
"Apr 08, 2021","1.968","1.892","1.976","1.889","3.63%"
"Apr 07, 2021","1.899","1.904","1.948","1.887","-0.21%"
"Apr 06, 2021","1.903","1.874","1.948","1.873","1.28%"
"Apr 01, 2021","1.879","1.889","1.979","1.875","0.21%"
"Mar 31, 2021","1.875","1.927","1.979","1.874","-2.65%"
"Mar 30, 2021","1.926","1.899","1.974","1.898","1.32%"
"Mar 29, 2021","1.901","1.899","1.971","1.892","0.05%"
"Mar 26, 2021","1.900","1.897","1.971","1.897","0.16%"
"Mar 25, 2021","1.897","1.898","1.951","1.897","0.00%"
"Mar 24, 2021","1.897","1.938","1.973","1.897","-1.56%"
"Mar 23, 2021","1.927","1.917","1.957","1.915","0.68%"
"Mar 22, 2021","1.914","1.923","1.969","1.914","-3.09%"
"Mar 19, 2021","1.975","1.939","1.975","1.926","2.07%"
"Mar 18, 2021","1.935","1.972","1.981","1.920","0.57%"
"Mar 17, 2021","1.924","1.901","1.941","1.898","2.12%"
"Mar 16, 2021","1.884","1.888","1.934","1.884","-0.53%"
"Mar 15, 2021","1.894","1.859","1.919","1.857","1.01%"
"Mar 12, 2021","1.875","1.802","1.888","1.801","3.48%"
"Mar 11, 2021","1.812","1.818","1.868","1.811","-0.44%"
"Mar 10, 2021","1.820","1.820","1.852","1.801","0.17%"
"Mar 09, 2021","1.817","1.819","1.888","1.816","-0.27%"
"Mar 08, 2021","1.822","1.782","1.864","1.780","2.47%"
"Mar 05, 2021","1.778","1.756","1.827","1.753","0.85%"
"Mar 04, 2021","1.763","1.731","1.801","1.723","2.20%"
"Mar 03, 2021","1.725","1.745","1.758","1.686","2.25%"
"Mar 02, 2021","1.687","1.649","1.738","1.648","2.99%"
"Mar 01, 2021","1.638","1.645","1.690","1.630","-4.38%"
"Feb 26, 2021","1.713","1.633","1.757","1.631","3.76%"
"Feb 25, 2021","1.651","1.590","1.683","1.589","1.10%"
"Feb 24, 2021","1.633","1.583","1.651","1.578","3.03%"
"Feb 23, 2021","1.585","1.583","1.633","1.572","5.60%"
"Feb 22, 2021","1.501","1.502","1.631","1.498","-0.07%"
"Feb 19, 2021","1.502","1.479","1.595","1.474","1.42%"
"Feb 18, 2021","1.481","1.476","1.584","1.476","-0.13%"
"Feb 17, 2021","1.483","1.492","1.595","1.481","-1.66%"
"Feb 16, 2021","1.508","1.495","1.547","1.494","1.75%"
"Feb 15, 2021","1.482","1.467","1.571","1.466","0.54%"
"Feb 12, 2021","1.474","1.523","1.523","1.454","2.08%"
"Feb 11, 2021","1.444","1.444","1.510","1.435","-6.60%"
"Feb 10, 2021","1.546","1.450","1.546","1.446","6.47%"
"Feb 09, 2021","1.452","1.454","1.546","1.452","-0.48%"
"Feb 08, 2021","1.459","1.426","1.546","1.425","1.32%"
"Feb 05, 2021","1.440","1.387","1.521","1.387","3.15%"
"Feb 04, 2021","1.396","1.366","1.437","1.360","2.57%"
"Feb 03, 2021","1.361","1.340","1.431","1.339","1.57%"
"Feb 02, 2021","1.340","1.328","1.401","1.326","-1.90%"
"Feb 01, 2021","1.366","1.306","1.401","1.306","4.35%"
"Jan 29, 2021","1.309","1.290","1.395","1.283","1.00%"
"Jan 28, 2021","1.296","1.270","1.355","1.262","1.73%"
"Jan 27, 2021","1.274","1.260","1.333","1.260","0.95%"
"Jan 26, 2021","1.262","1.248","1.312","1.248","-0.16%"
"Jan 25, 2021","1.264","1.248","1.318","1.248","0.96%"
"Jan 22, 2021","1.252","1.236","1.312","1.236","0.40%"
"Jan 21, 2021","1.247","1.253","1.312","1.223","-0.48%"
"Jan 20, 2021","1.253","1.257","1.300","1.253","-0.32%"
"Jan 19, 2021","1.257","1.272","1.306","1.255","0.32%"
"Jan 18, 2021","1.253","1.274","1.306","1.253","-1.73%"
"Jan 15, 2021","1.275","1.281","1.308","1.262","-1.32%"
"Jan 14, 2021","1.292","1.287","1.304","1.278","-1.00%"
"Jan 13, 2021","1.305","1.304","1.322","1.283","0.38%"
"Jan 12, 2021","1.300","1.288","1.320","1.287","1.09%"
"Jan 11, 2021","1.286","1.280","1.311","1.278","0.47%"
"Jan 08, 2021","1.280","1.271","1.316","1.271","0.63%"
"Jan 07, 2021","1.272","1.281","1.310","1.268","-0.78%"
"Jan 06, 2021","1.282","1.280","1.316","1.280","0.08%"
"Jan 05, 2021","1.281","1.286","1.327","1.273","-1.69%"
"Jan 04, 2021","1.303","1.283","1.362","1.283","8.04%"
"Dec 31, 2020","1.206","1.250","1.250","1.206","-5.78%"
"Dec 30, 2020","1.280","1.240","1.308","1.240","3.73%"
"Dec 29, 2020","1.234","1.234","1.292","1.234","0.00%"
"Dec 28, 2020","1.234","1.235","1.292","1.234","3.05%"
"Dec 25, 2020","1.197","1.197","1.197","1.197","0.00%"
"Dec 24, 2020","1.197","1.197","1.197","1.197","-2.88%"
"Dec 23, 2020","1.233","1.235","1.292","1.233","-0.08%"
"Dec 22, 2020","1.234","1.237","1.292","1.229","-0.96%"
"Dec 21, 2020","1.246","1.256","1.308","1.246","-1.74%"
"Dec 18, 2020","1.268","1.278","1.314","1.256","-1.63%"
"Dec 17, 2020","1.289","1.284","1.314","1.277","0.31%"
"Dec 16, 2020","1.285","1.280","1.308","1.276","0.08%"
"Dec 15, 2020","1.284","1.284","1.308","1.282","-0.08%"
"Dec 14, 2020","1.285","1.280","1.315","1.279","0.78%"
"Dec 11, 2020","1.275","1.281","1.319","1.274","-1.01%"
"Dec 10, 2020","1.288","1.288","1.337","1.274","0.23%"
"Dec 09, 2020","1.285","1.275","1.336","1.275","0.63%"
"Dec 08, 2020","1.277","1.275","1.348","1.275","-0.70%"
"Dec 07, 2020","1.286","1.289","1.347","1.282","-0.62%"
"Dec 04, 2020","1.294","1.270","1.332","1.270","1.97%"
"Dec 03, 2020","1.269","1.269","1.335","1.269","0.00%"
"Dec 02, 2020","1.269","1.273","1.324","1.269","-0.31%"
"Dec 01, 2020","1.273","1.289","1.324","1.259","1.19%"
"Nov 30, 2020","1.258","1.257","1.301","1.257","-0.63%"
"Nov 27, 2020","1.266","1.240","1.287","1.240","1.93%"
"Nov 26, 2020","1.242","1.234","1.266","1.234","-0.08%"
"Nov 25, 2020","1.243","1.198","1.304","1.198","-0.08%"
"Nov 24, 2020","1.244","1.187","1.247","1.187","0.81%"
"Nov 23, 2020","1.234","1.220","1.235","1.176","4.66%"
"Nov 20, 2020","1.179","1.160","1.230","1.160","1.55%"
"Nov 19, 2020","1.161","1.159","1.197","1.159","0.00%"
"Nov 18, 2020","1.161","1.154","1.197","1.154","2.47%"
"Nov 17, 2020","1.133","1.107","1.133","1.107","-1.90%"
"Nov 16, 2020","1.155","1.138","1.202","1.138","-1.62%"
"Nov 13, 2020","1.174","1.140","1.185","1.138","2.98%"
"Nov 12, 2020","1.140","1.133","1.185","1.133","-1.89%"
"Nov 11, 2020","1.162","1.133","1.191","1.133","2.65%"
"Nov 10, 2020","1.132","1.055","1.180","1.049","6.69%"
"Nov 09, 2020","1.061","1.005","1.101","1.003","5.68%"
"Nov 06, 2020","1.004","0.992","1.060","0.992","0.80%"
"Nov 05, 2020","0.996","1.003","1.050","0.995","-3.58%"
"Nov 04, 2020","1.033","1.012","1.033","0.971","4.24%"
"Nov 03, 2020","0.991","0.998","1.033","0.972","-0.70%"
"Nov 02, 2020","0.998","0.987","1.065","0.987","0.10%"
"Oct 30, 2020","0.997","0.987","1.027","0.987","0.71%"
"Oct 29, 2020","0.990","0.998","1.027","0.988","0.97%"
"Oct 28, 2020","0.980","0.928","0.984","0.928","-1.75%"
"Oct 27, 2020","0.998","1.004","1.044","0.998","-0.40%"
"Oct 26, 2020","1.002","1.005","1.038","0.988","-0.99%"
"Oct 23, 2020","1.012","0.996","1.059","0.996","1.40%"
"Oct 22, 2020","0.998","0.994","1.038","0.994","0.91%"
"Oct 21, 2020","0.989","0.987","1.041","0.987","0.10%"
"Oct 20, 2020","0.988","0.982","1.048","0.982","0.92%"
"Oct 19, 2020","0.979","0.972","1.059","0.972","0.00%"
"Oct 16, 2020","0.979","0.972","1.017","0.967","1.03%"
"Oct 15, 2020","0.969","0.987","1.043","0.969","-1.82%"
"Oct 14, 2020","0.987","0.943","1.031","0.943","4.78%"
"Oct 13, 2020","0.942","0.941","0.987","0.941","-1.88%"
"Oct 12, 2020","0.960","0.920","0.993","0.920","4.58%"
"Oct 09, 2020","0.918","0.920","1.005","0.918","0.00%"
"Oct 08, 2020","0.918","0.900","0.942","0.900","0.33%"
"Oct 07, 2020","0.915","0.899","0.936","0.899","2.01%"
"Oct 06, 2020","0.897","0.879","1.005","0.865","6.91%"
"Oct 05, 2020","0.839","0.819","0.912","0.819","2.19%"
"Oct 02, 2020","0.821","0.821","0.883","0.820","-1.32%"
"Oct 01, 2020","0.832","0.798","0.894","0.798","-0.72%"
"Sep 30, 2020","0.838","0.837","0.878","0.829","0.00%"
"Sep 29, 2020","0.838","0.838","0.933","0.837","2.44%"
"Sep 28, 2020","0.818","0.813","0.818","0.813","-12.33%"
"Sep 25, 2020","0.933","0.839","0.933","0.839","11.34%"
"Sep 24, 2020","0.838","0.835","0.884","0.835","-0.95%"
"Sep 23, 2020","0.846","0.833","0.902","0.833","-0.35%"
"Sep 22, 2020","0.849","0.873","0.927","0.848","-2.75%"
"Sep 21, 2020","0.873","0.926","0.947","0.873","-6.73%"
"Sep 18, 2020","0.936","0.961","0.973","0.925","-3.01%"
"Sep 17, 2020","0.965","0.994","1.012","0.954","-3.40%"
"Sep 16, 2020","0.999","1.030","1.047","0.999","-3.29%"
"Sep 15, 2020","1.033","1.041","1.055","1.031","-1.05%"
"Sep 14, 2020","1.044","1.032","1.054","1.032","0.58%"
"Sep 11, 2020","1.038","1.057","1.108","1.037","-1.70%"
"Sep 10, 2020","1.056","1.113","1.113","1.053","-7.53%"
"Sep 09, 2020","1.142","1.105","1.142","1.072","3.07%"
"Sep 08, 2020","1.108","1.107","1.114","1.105","0.09%"
"Sep 07, 2020","1.107","1.087","1.164","1.087","1.56%"
"Sep 04, 2020","1.090","1.087","1.107","1.086","-1.09%"
"Sep 03, 2020","1.102","1.082","1.102","1.082","1.66%"
"Sep 02, 2020","1.084","1.087","1.142","1.082","-5.49%"
"Sep 01, 2020","1.147","1.099","1.147","1.097","3.05%"
"Aug 31, 2020","1.113","1.104","1.158","1.097","1.09%"
"Aug 28, 2020","1.101","1.026","1.108","1.026","7.41%"
"Aug 27, 2020","1.025","1.023","1.038","1.022","0.29%"
"Aug 26, 2020","1.022","1.008","1.075","1.003","1.39%"
"Aug 25, 2020","1.008","0.961","1.075","0.961","4.13%"
"Aug 24, 2020","0.968","0.953","1.010","0.953","0.83%"
"Aug 21, 2020","0.960","0.961","1.010","0.960","-0.52%"
"Aug 20, 2020","0.965","0.956","1.010","0.956","-1.03%"
"Aug 19, 2020","0.975","0.965","0.982","0.965","0.72%"
"Aug 18, 2020","0.968","0.986","1.010","0.968","-2.71%"
"Aug 17, 2020","0.995","0.989","0.995","0.981","1.32%"
"Aug 14, 2020","0.982","0.969","1.020","0.969","5.03%"
"Aug 13, 2020","0.935","0.909","1.014","0.909","2.41%"
"Aug 12, 2020","0.913","0.854","0.978","0.854","4.34%"
"Aug 11, 2020","0.875","0.804","0.903","0.804","2.94%"
"Aug 10, 2020","0.850","0.820","0.893","0.815","3.28%"
"Aug 07, 2020","0.823","0.812","0.958","0.812","1.23%"
"Aug 06, 2020","0.813","0.813","0.851","0.813","-0.12%"
"Aug 05, 2020","0.814","0.809","0.852","0.803","0.62%"
"Aug 04, 2020","0.809","0.826","0.887","0.809","-2.18%"
"Aug 03, 2020","0.827","0.823","0.843","0.816","-0.72%"
"Jul 31, 2020","0.833","0.825","0.838","0.824","2.84%"
"Jul 30, 2020","0.810","0.803","0.854","0.801","0.00%"
"Jul 29, 2020","0.810","0.817","0.873","0.810","-1.82%"
"Jul 28, 2020","0.825","0.834","0.857","0.825","-1.43%"
"Jul 27, 2020","0.837","0.843","0.862","0.837","-0.83%"
"Jul 24, 2020","0.844","0.830","0.852","0.830","1.32%"
"Jul 23, 2020","0.833","0.824","0.842","0.821","0.24%"
"Jul 22, 2020","0.831","0.851","0.913","0.831","-2.92%"
"Jul 21, 2020","0.856","0.855","0.908","0.855","0.59%"
"Jul 20, 2020","0.851","0.868","0.935","0.851","-5.44%"
"Jul 17, 2020","0.900","0.898","0.925","0.856","1.24%"
"Jul 16, 2020","0.889","0.897","0.936","0.889","1.14%"
"Jul 15, 2020","0.879","0.861","0.914","0.861","1.74%"
"Jul 14, 2020","0.864","0.837","0.906","0.819","1.65%"
"Jul 13, 2020","0.850","0.819","0.896","0.802","5.85%"
"Jul 10, 2020","0.803","0.785","0.833","0.784","2.42%"
"Jul 09, 2020","0.784","0.782","0.834","0.776","-0.13%"
"Jul 08, 2020","0.785","0.794","0.840","0.785","-1.13%"
"Jul 07, 2020","0.794","0.819","0.836","0.794","3.93%"
"Jul 06, 2020","0.764","0.767","0.767","0.762","-1.55%"
"Jul 03, 2020","0.776","0.780","0.802","0.776","-3.12%"
"Jul 02, 2020","0.801","0.776","0.847","0.776","2.82%"
"Jul 01, 2020","0.779","0.753","0.839","0.753","2.50%"
"Jun 30, 2020","0.760","0.765","0.839","0.760","-1.17%"
"Jun 29, 2020","0.769","0.775","0.829","0.769","-0.77%"
"Jun 26, 2020","0.775","0.766","0.824","0.766","1.17%"
"Jun 25, 2020","0.766","0.780","0.825","0.766","-3.16%"
"Jun 24, 2020","0.791","0.791","0.847","0.779","0.00%"
"Jun 23, 2020","0.791","0.774","0.864","0.774","0.76%"
"Jun 22, 2020","0.785","0.802","0.885","0.785","-10.49%"
"Jun 19, 2020","0.877","0.880","0.944","0.807","-0.68%"
"Jun 18, 2020","0.883","0.892","0.971","0.883","-1.34%"
"Jun 17, 2020","0.895","0.887","0.984","0.887","-2.72%"
"Jun 16, 2020","0.920","0.922","0.973","0.887","4.19%"
"Jun 15, 2020","0.883","0.893","0.948","0.883","-1.56%"
"Jun 12, 2020","0.897","0.901","0.995","0.897","-0.88%"
"Jun 11, 2020","0.905","0.919","0.995","0.905","-1.95%"
"Jun 10, 2020","0.923","1.028","1.028","0.912","-11.16%"
"Jun 09, 2020","1.039","0.968","1.061","0.965","8.34%"
"Jun 08, 2020","0.959","0.933","1.040","0.933","2.90%"
"Jun 05, 2020","0.932","0.831","0.966","0.821","16.35%"
"Jun 04, 2020","0.801","0.712","0.853","0.712","6.52%"
"Jun 03, 2020","0.752","0.701","0.811","0.701","3.44%"
"Jun 02, 2020","0.727","0.717","0.790","0.713","-9.24%"
"Jun 01, 2020","0.801","0.786","0.843","0.786","11.40%"
"May 29, 2020","0.719","0.752","0.844","0.719","-10.13%"
"May 28, 2020","0.800","0.774","0.836","0.774","2.56%"
"May 27, 2020","0.780","0.777","0.845","0.771","0.13%"
"May 26, 2020","0.779","0.767","0.846","0.767","-0.38%"
"May 25, 2020","0.782","0.784","0.883","0.782","0.77%"
"May 22, 2020","0.776","0.786","0.826","0.776","-1.52%"
"May 21, 2020","0.788","0.834","0.975","0.788","-1.25%"
"May 20, 2020","0.798","0.791","1.006","0.791","-19.88%"
"May 19, 2020","0.996","0.790","0.996","0.790","24.81%"
"May 18, 2020","0.798","0.771","0.928","0.771","1.79%"
"May 15, 2020","0.784","0.745","0.947","0.734","5.66%"
"May 14, 2020","0.742","0.748","0.914","0.742","-0.27%"
"May 13, 2020","0.744","0.987","1.030","0.744","-28.46%"
"May 12, 2020","1.040","1.063","1.175","0.926","-2.89%"
"May 11, 2020","1.071","1.109","1.173","0.984","0.71%"
"May 08, 2020","1.064","1.038","1.075","1.038","-4.79%"
"May 07, 2020","1.117","1.157","1.281","1.032","-12.46%"
"May 06, 2020","1.276","1.202","1.280","1.149","5.28%"
"May 05, 2020","1.212","1.220","1.333","1.161","-1.46%"
"May 04, 2020","1.230","1.271","1.366","1.230","2.93%"
"May 01, 2020","1.195","1.195","1.195","1.195","-7.22%"
"Apr 30, 2020","1.288","1.310","1.640","1.288","-1.60%"
"Apr 29, 2020","1.309","1.283","1.382","1.283","2.27%"
"Apr 28, 2020","1.280","1.363","1.383","1.263","-2.96%"
"Apr 27, 2020","1.319","1.297","1.419","1.255","1.70%"
"Apr 24, 2020","1.297","1.329","1.511","1.272","-2.70%"
"Apr 23, 2020","1.333","1.329","1.468","1.276","-0.15%"
"Apr 22, 2020","1.335","1.330","1.551","1.330","-0.07%"
"Apr 21, 2020","1.336","1.339","1.354","1.295","-0.15%"
"Apr 20, 2020","1.338","1.333","1.514","1.333","-1.25%"
"Apr 17, 2020","1.355","1.475","1.579","1.307","-1.95%"
"Apr 16, 2020","1.382","1.409","1.646","1.382","-2.26%"
"Apr 15, 2020","1.414","1.436","1.559","1.362","-5.35%"
"Apr 14, 2020","1.494","1.388","1.698","1.383","13.87%"
"Apr 13, 2020","1.312","1.312","1.312","1.312","0.00%"
"Apr 10, 2020","1.312","1.312","1.312","1.312","-5.27%"
"Apr 09, 2020","1.385","1.385","1.698","1.385","-4.75%"
"Apr 08, 2020","1.454","1.454","1.587","1.454","3.34%"
"Apr 07, 2020","1.407","1.417","1.526","1.387","-1.81%"
"Apr 06, 2020","1.433","1.414","1.497","1.414","0.00%"
"Apr 03, 2020","1.433","1.503","1.503","1.398","0.63%"
"Apr 02, 2020","1.424","1.524","1.543","1.387","-3.65%"
"Apr 01, 2020","1.478","1.421","1.553","1.421","-2.18%"
"Mar 31, 2020","1.511","1.367","1.511","1.367","4.86%"
"Mar 30, 2020","1.441","1.422","1.441","1.368","1.69%"
"Mar 27, 2020","1.417","1.570","1.570","1.417","-19.12%"
"Mar 26, 2020","1.752","1.528","1.865","1.498","14.36%"
"Mar 25, 2020","1.532","1.421","1.721","1.380","-1.42%"
"Mar 24, 2020","1.554","1.660","1.875","1.554","-15.31%"
"Mar 23, 2020","1.835","1.875","1.876","1.709","5.76%"
"Mar 18, 2020","1.735","1.735","1.735","1.735","2.30%"
"Mar 17, 2020","1.696","1.734","1.745","1.696","23.44%"
"Mar 13, 2020","1.374","1.374","1.484","1.374","24.46%"
"Mar 12, 2020","1.104","1.104","1.104","1.104","-2.47%"
"Mar 11, 2020","1.132","1.132","1.132","1.132","-1.05%"
"Mar 10, 2020","1.144","1.104","1.146","1.104","2.14%"
"Mar 09, 2020","1.120","1.209","1.209","1.118","-6.43%"
"Mar 06, 2020","1.197","1.258","1.258","1.193","-5.75%"
"Mar 05, 2020","1.270","1.183","1.270","1.183","7.08%"
"Mar 04, 2020","1.186","1.263","1.263","1.186","-6.25%"
"Mar 03, 2020","1.265","1.252","1.276","1.250","-2.24%"
"Mar 02, 2020","1.294","1.294","1.294","1.294","-1.45%"
"Feb 28, 2020","1.313","1.325","1.325","1.313","-7.14%"
"Feb 27, 2020","1.414","1.389","1.424","1.389","-0.56%"
"Feb 26, 2020","1.422","1.371","1.422","1.371","0.21%"
"Feb 25, 2020","1.419","1.461","1.468","1.419","-1.80%"
"Feb 24, 2020","1.445","1.487","1.487","1.418","-4.68%"
"Feb 21, 2020","1.516","1.516","1.516","1.516","-5.43%"
"Feb 20, 2020","1.603","1.603","1.603","1.603","0.25%"
"Feb 19, 2020","1.599","1.579","1.599","1.579","1.01%"
"Feb 18, 2020","1.583","1.581","1.584","1.581","-0.13%"
"Feb 17, 2020","1.585","1.602","1.602","1.584","0.06%"
"Feb 14, 2020","1.584","1.513","1.584","1.513","1.02%"
"Feb 13, 2020","1.568","1.561","1.568","1.561","0.45%"
"Feb 12, 2020","1.561","1.538","1.561","1.507","1.76%"
"Feb 11, 2020","1.534","1.507","1.544","1.492","-3.76%"
"Feb 10, 2020","1.594","1.604","1.604","1.594","3.71%"
"Feb 07, 2020","1.537","1.648","1.648","1.537","-4.89%"
"Feb 06, 2020","1.616","1.531","1.616","1.531","3.52%"
"Feb 05, 2020","1.561","1.568","1.568","1.526","2.97%"
"Feb 04, 2020","1.516","1.515","1.542","1.512","1.61%"
"Feb 03, 2020","1.492","1.531","1.547","1.489","-2.55%"
"Jan 31, 2020","1.531","1.518","1.531","1.518","-2.86%"
"Jan 30, 2020","1.576","1.519","1.576","1.519","0.96%"
"Jan 29, 2020","1.561","1.560","1.561","1.560","0.97%"
"Jan 28, 2020","1.546","1.566","1.577","1.520","-2.09%"
"Jan 27, 2020","1.579","1.619","1.619","1.578","-5.96%"